10.6.62.1;Silh0uett3.L3x8ax001
10.6.62.2;SilvioM.L3x8ax077
10.6.62.5;SilvioM.L3x8ax099
10.6.62.4;SilvioM.L3x8ax002
10.6.62.3;SilvioM.L3x8ax066
10.6.62.7;Marco194702.L3x8ax004
10.6.62.8;SilvioM.L3x8ax098
10.6.62.10;SilvioM.L3x8ax083
10.6.62.11;SilvioM.L3x8ax069
10.6.62.9;Marco194702.L3x8ax005
10.6.62.12;SilvioM.L3x8ax079
10.6.62.14;SilvioM.L3x8ax006
10.6.62.249;newmining.l3x8ax001
10.6.62.19;SilvioM.L3x8ax065
10.6.62.23;SilvioM.L3x8ax071
10.6.62.25;SilvioM.L3x8ax063
10.6.62.16;SilvioM.L3x8ax109
10.6.62.29;SilvioM.L3x8ax092
10.6.62.27;SilvioM.L3x8ax094
10.6.62.26;SilvioM.L3x8ax068
10.6.62.30;SilvioM.L3x8ax078
10.6.62.31;SilvioM.L3x8ax064
10.6.62.33;oberhaser.L3x8ax002
10.6.62.34;oberhaser.L3x8ax003
10.6.62.28;SilvioM.L3x8ax093
10.6.62.32;denizerik.L3x8ax001
10.6.62.36;oberhaser.L3x8ax004
10.6.62.39;Marco194702.L3x8ax007
10.6.62.40;oberhaser.L3x8ax008
10.6.62.37;oberhaser.L3x8ax005
10.6.62.41;DavidGCH.L3x8ax009
10.6.62.44;DavidGCH.L3x8ax012
10.6.62.42;DavidGCH.L3x8ax010
10.6.62.46;oberhaser.L3x8ax014
10.6.62.43;DavidGCH.L3x8ax011
10.6.62.47;oberhaser.L3x8ax015
10.6.62.49;oberhaser.L3x8ax016
10.6.62.51;oberhaser.L3x8ax018
10.6.62.52;SilvioM.L3x8ax091
10.6.62.54;oberhaser.L3x8ax020
10.6.62.55;SilvioM.L3x8ax106
10.6.62.58;Silh0uett3.L3x8ax024
10.6.62.98;DevFee
10.6.62.65;Marco194702.L3x8ax030
10.6.62.62;Silh0uett3.L3x8ax028
10.6.62.63;SilvioM.L3x8ax090
10.6.62.66;Marco194702.L3x8ax031
10.6.62.67;Silh0uett3.L3x8ax032
10.6.62.68;Silh0uett3.L3x8ax033
10.6.62.69;Silh0uett3.L3x8ax034
10.6.62.70;SilvioM.L3x8ax100
10.6.62.72;Silh0uett3.L3x8ax037
10.6.62.78;SilvioM.L3x8ax089
10.6.62.83;24B024SB.L3x8ax001
10.6.62.84;24B024SB.L3x8ax002
10.6.62.85;24B024SB.L3x8ax003
10.6.62.86;24B024SB.L3x8ax004
10.6.62.87;24B024SB.L3x8ax005
10.6.62.89;24B024SB.L3x8ax007
10.6.62.91;24B024SB.L3x8ax008
10.6.62.88;24B024SB.L3x8ax006
10.6.62.92;24B024SB.L3x8ax009
10.6.62.90;Marco194702.L3x8ax006
10.6.62.94;24B024SB.L3x8ax010
10.6.62.106;SilvioM.L3x8ax040
10.6.62.107;Silh0uett3.L3x8ax041
10.6.62.108;aea199NMC.aea199x201522
10.6.62.109;aea199NMC.aea199x201523
10.6.62.110;aea199NMC.aea199x201524
10.6.62.111;aea199NMC.aea199x201525
10.6.62.123;aea199NMC.aea199x201528
10.6.62.115;aea199NMC.aea199x201529
10.6.62.116;aea199NMC.aea199x201530
10.6.62.117;Marco194702.L3x8ax008
10.6.62.119;aea199NMC.aea199x201532
10.6.62.118;aea199NMC.aea199x201531
10.6.62.122;aea199NMC.aea199x201535
10.6.62.120;aea199NMC.aea199x201533
10.6.62.121;aea199NMC.aea199x201534
10.6.62.125;aea199NMC.aea199x201538
10.6.62.124;aea199NMC.aea199x201537
10.6.62.128;aea199NMC.aea199x201540
10.6.62.126;aea199NMC.aea199x201539
10.6.62.127;Silh0uett3.L3x8ax009
10.6.62.130;SilvioM.L3x8ax042
10.6.62.131;SilvioM.L3x8ax043
10.6.62.133;SilvioM.L3x8ax104
10.6.62.132;Redeme.L3x8ax044
10.6.62.134;SilvioM.L3x8ax046
10.6.62.136;SilvioM.L3x8ax048
10.6.62.137;SilvioM.L3x8ax103
10.6.62.138;SilvioM.L3x8ax050
10.6.62.139;SilvioM.L3x8ax051
10.6.62.140;SilvioM.L3x8ax052
10.6.62.143;SilvioM.L3x8ax055
10.6.62.145;SilvioM.L3x8ax057
10.6.62.148;SilvioM.L3x8ax087
10.6.62.146;SilvioM.L3x8ax058
10.6.62.149;SilvioM.L3x8ax086
10.6.62.150;SilvioM.L3x8ax062
10.6.62.147;SilvioM.L3x8ax088
10.6.62.155;SilvioM.L3x8ax085
10.6.62.17;SilvioM.L3x8ax084
10.6.62.153;SilvioM.L3x8ax060
10.6.62.159;SilvioM.L3x8ax081
10.6.62.158;SilvioM.L3x8ax082
10.6.62.161;SilvioM.L3x8ax076
10.6.62.164;SilvioM.L3x8ax073
10.6.62.96;SilvioM.L3x8ax072
10.6.62.162;SilvioM.L3x8ax075
10.6.62.169;Selina2005.L3x8ax066
10.6.62.168;Selina2005.L3x8ax065
10.6.62.172;SilvioM.L3x8ax110
10.6.62.173;SilvioM.L3x8ax012
10.6.62.174;Silh0uett3.L3x8ax013
10.6.62.176;SilvioM.L3x8ax102
10.6.62.177;denizerik.L3x8ax071
10.6.62.181;denizerik.L3x8ax075
10.6.62.178;denizerik.L3x8ax072
10.6.62.179;denizerik.L3x8ax073
10.6.62.129;denizerik.L3x8ax077
10.6.62.180;denizerik.L3x8ax074
10.6.62.182;SilvioM.L3x8ax001
10.6.62.185;denizerik.L3x8ax078
10.6.62.188;denizerik.L3x8ax080
10.6.62.189;denizerik.L3x8ax081
10.6.62.190;denizerik.L3x8ax082
10.6.62.191;SilvioM.L3x8ax047
10.6.62.192;denizerik.L3x8ax084
10.6.62.198;newmining.l3x8ax002
10.6.62.45;SilvioM.L3x8ax101
10.6.61.33;newmining.s17plx8ax70x006
10.6.61.214;newmininglRK.t17x8ax38x001
10.6.61.234;jackfrost.173838
10.6.63.22;newmininglRK.T17x8ax38x010
10.6.63.20;newmininglRK.T17x8ax38x016
10.6.65.110;Grigorio.m30sx90x006
10.6.62.22;Marco194702.L3x8ax019
10.6.62.21;marco194702.l3x8ax012
10.6.62.35;SchwiBurg.l3x8ax002
10.6.63.29;prj1ruNMC.s17px8ax50x026
10.6.63.180;prj1ruNMC.s17px8ax56x002
10.6.63.58;prj1ruNMC.s17px8ax50x105
10.6.63.14;tridentib.s17px8ax50x006
10.6.63.30;tridentib.s17px8ax50x020
10.6.63.179;
10.6.63.2;tridentib.s17px8ax53x013
10.6.63.158;Tridentib.s17px8ax53x005
10.6.63.176;prj1ruNMC.s17px8ax56x072
10.6.63.12;prj1ruNMC.s17px8ax50x096
10.6.63.1;prj1ruNMC.s17px8ax50x080
10.6.63.103;prj1ruNMC.s17px8ax56x031
10.6.63.6;Tridentib.s17px8ax53x192
10.6.63.90;prj1ruNMC.s17px8ax50x245
10.6.63.4;prj1ruNMC.s17px8ax50x243
10.6.63.8;Tridentib.s17px8ax53x106
10.6.63.189;Tridentib.s17px8ax56x010
10.6.63.196;tridentib.s17px8ax53x052
10.6.63.24;tridentib.s17px8ax53x014
10.6.63.186;prj1ruNMC.s17px8ax53x025
10.6.63.157;tridentib.s17px8ax56x064
10.6.63.156;Tridentib.s17px8ax56x027
10.6.63.53;prj1ruNMC.s17px8ax50x101
10.6.63.25;prj1ruNMC.s17px8ax50x073
10.6.63.184;prj1ruNMC.s17px8ax56x011
10.6.63.160;repairNMC.nmcxs17px53x8ax1404x015
10.6.63.192;prj1ruNMC.s17px8ax53x017
10.6.63.175;tridentib.s17px8ax50x008
10.6.63.51;prj1ruNMC.s17px8ax50x102
10.6.63.183;prj1ruNMC.s17px8ax50x095
10.6.63.57;prj1ruNMC.s17px8ax53x103
10.6.63.188;Tridentib.s17px8ax53x191
10.6.63.55;
10.6.63.5;tridentib.s17px8ax50x097
10.6.63.34;tridentib.s17px8ax53x012
10.6.63.163;prj1ruNMC.s17px8ax53x051
10.6.63.64;Irinarepair.S17plusx8ax70x003
10.6.63.81;RepairNMC.jurgxs17px53x0203x002
10.6.63.79;Pinkbirdie.S17plusx8ax70x928
10.6.63.40;newminingIRK.T17_001
10.6.62.15;Marco194702.L3x8ax020
10.6.64.222;Marco194702.L3x8ax025
10.6.64.224;Marco194702.L3x8ax024
10.6.64.223;nathalieD.l3x9bx005
10.6.64.221;Norman666.191841
10.6.64.220;Norman666.191833
10.6.64.219;Norman666.191832
10.6.64.218;Norman666.191836
10.6.64.217;Norman666.191842
10.6.64.216;Norman666.191831
10.6.64.215;Norman666.191838
10.6.64.199;Norman666.191837
10.6.63.13;prj1ruNMC.s17px8ax53x015
10.6.64.212;Norman666.191830
10.6.64.211;Norman666.191839
10.6.64.210;Norman666.191835
10.6.64.209;Norman666.191843
10.6.64.208;Norman666.191840
10.6.63.93;prj1ruNMC.s17px8ax50x244
10.6.63.52;prj1ruNMC.s17px8ax53x006
10.6.63.45;Tridentib.s17px8ax53x195
10.6.63.19;prj1ruNMC.S17px8ax53x032
10.6.63.75;SchwiBurg.l3x8ax003
10.6.63.76;SchwiBurg.l3x8ax004
10.6.63.77;SchwiBurg.l3x8ax005
10.6.63.78;SchwiBurg.l3x8ax006
10.6.61.152;
10.6.65.96;cmctech5.CK5x12Tx09x001
10.6.65.98;cmctech3.CK5x12Tx09x003
10.6.65.100;Grigorio.m30sPPx9ax108x002
10.6.65.101;Grigorio.m30sx88x001
10.6.65.102;Grigorio.m30sx90x005
10.6.65.103;SokolovNMC.m30sx90x001
10.6.64.214;Norman666.191844
10.6.65.138;Grigorio.m30sx90x008
10.6.65.106;Grigorio.m30sx90x007
10.6.65.111;Grigorio.m30sx90x003
10.6.65.139;Grigorio.m30sx90x002
10.6.65.152;Grigorio.m30sx90x001
10.6.65.134;Grigorio.m30sx88x002
10.6.65.128;Grigorio.m30sPPx9ax108x001
10.6.64.86;Vlzats1.m30spx8ax90x001
10.6.64.85;Vlzats1.m30spx8ax90x002
10.6.65.82;cmctech3.CK5x12Tx09x004
10.6.65.59;cmctech3.CK5x12Tx09x001
10.6.65.91;cmctech2.CK5x12Tx09x003
10.6.65.83;cmctech1.CK5x12Tx09x001
10.6.65.27;cmctech3.l3x8ax005
10.6.65.54;cmctech3.l3x8ax004
10.6.65.21;cmctech3.l3x8ax003
10.6.65.9;cmctech3.l3x8ax002
10.6.65.16;cmctech3.l3x8ax001
10.6.65.20;cmctech1.l3x8ax005
10.6.65.47;cmctech1.l3x8ax004
10.6.65.1;cmctech1.l3x8ax003
10.6.65.15;cmctech1.l3x8ax002
10.6.65.26;cmctech1.l3x8ax001
10.6.65.44;bbgs-ru.s19jpx8ax104x030
10.6.65.42;bbgs-ru.s19jpx8ax104x021
10.6.65.35;bbgs-ru.s19jpx8ax96x018
10.6.67.37;bbgs-ru.s19jpx8ax104x029
10.6.65.43;bbgs-ru.s19jpx8ax104x025
10.6.65.2;bbgs-ru.s19jpx8ax104x006
10.6.65.45;bbgs-ru.s19jpx8ax104x008
10.6.65.12;bbgs-ru.s19jpx8ax104x012
10.6.67.31;bbgs-ru.s19jpx8ax104x023
10.6.65.48;bbgs-ru.s19jpx8ax104x028
10.6.65.32;bbgs-ru.s19jpx8ax104x007
10.6.65.31;bbgs-ru.s19jpx8ax104x020
10.6.65.6;bbgs-ru.s19jpx8ax104x002
10.6.67.30;bbgs-ru.s19jpx8ax104x001
10.6.67.35;bbgs-ru.s19jpx8ax96x024
10.6.67.32;bbgs-ru.s19jpx8ax96x015
10.6.65.38;bbgs-ru.s19jpx8ax96x011
10.6.65.18;bbgs-ru.s19jpx8ax104x026
10.6.67.33;bbgs-ru.s19jpx8ax104x017
10.6.65.36;bbgs-ru.s19jpx8ax96x022
10.6.65.17;bbgs-ru.s19jpx8ax96x028
10.6.65.5;bbgs-ru.s19jpx8ax104x019
10.6.65.14;bbgs-ru.s19jpx8ax104x013
10.6.65.8;bbgs-ru.s19jpx8ax104x010
10.6.65.24;bbgs-ru.s19jpx8ax96x010
10.6.65.37;bbgs-ru.s19jpx8ax96x019
10.6.65.33;bbgs-ru.s19jpx8ax96x029
10.6.65.30;bbgs-ru.s19jpx8ax104x016
10.6.65.10;bbgs-ru.s19jpx8ax104x014
10.6.67.34;bbgs-ru.s19jpx8ax104x015
10.6.65.28;bbgs-ru.s19jpx8ax96x020
10.6.65.25;bbgs-ru.s19jpx8ax104x027
10.6.65.11;bbgs-ru.s19jpx8ax96x006
10.6.61.130;Stonewell.T17ex8ax44x114
10.6.61.113;RepairNMC.z11x4ax420x0306x001
10.6.65.90;cmctech6.CK5x12Tx09x001
10.6.67.74;bbgs-ru.s19jpx8ax96x030
10.6.67.93;bbgs-ru.s19jpx8ax96x025
10.6.67.52;bbgs-ru.s19jpx8ax96x001
10.6.67.50;bbgs-ru.s19jpx8ax96x027
10.6.67.73;bbgs-ru.s19jpx8ax96x012
10.6.67.72;bbgs-ru.s19jpx8ax96x009
10.6.67.48;bbgs-ru.s19jpx8ax104x022
10.6.67.95;bbgs-ru.s19jpx8ax104x009
10.6.67.51;bbgs-ru.s19jpx8ax96x014
10.6.67.64;bbgs-ru.s19jpx8ax96x021
10.6.67.57;bbgs-ru.s19jpx8ax104x005
10.6.67.104;bbgs-ru.s19jpx8ax104x018
10.6.67.70;bbgs-ru.s19jpx8ax96x003
10.6.67.62;bbgs-ru.s19jpx8ax96x026
10.6.67.60;bbgs-ru.s19jpx8ax104x004
10.6.67.61;bbgs-ru.s19jpx8ax96x005
10.6.67.68;bbgs-ru.s19jpx8ax96x016
10.6.67.97;bbgs-ru.s19jpx8ax104x024
10.6.67.63;bbgs-ru.s19jpx8ax96x002
10.6.67.69;bbgs-ru.s19jpx8ax104x003
10.6.67.56;bbgs-ru.s19jpx8ax96x013
10.6.67.65;bbgs-ru.s19jpx8ax96x004
10.6.67.46;bbgs-ru.s19jpx8ax96x017
10.6.67.47;bbgs-ru.s19jpx8ax96x007
10.6.67.135;Prj1ru.s19x8ax95x795
10.6.67.189;Prj1ru.s19x8ax95x134
10.6.63.60;tridentib.s17px8ax53x009
10.6.70.203;Pascale119.l3x9bx013
10.6.70.237;lolban.m20s62r006
10.6.70.231;WernerBTC.m20s62r001
10.6.70.239;Marco194702.m20sx8ax62x009
10.6.70.230;KazhastanHustlersNMC.m20sx8ax62x003
10.6.70.234;KazhastanHustlersNMC.m20sx8ax68x004
10.6.70.241;KazhastanHustlersNMC.m20sx8ax62x001
10.6.70.235;KazhastanHustlersNMC.m20sx8ax68x001
10.6.70.238;KazhastanHustlersNMC.m20sx8ax62x008
10.6.70.229;KazhastanHustlersNMC.m20sx8ax62x007
10.6.70.79;Nahony.l3x9bx006
10.6.70.7;buerstleinjeffrey.l3x9bx006
10.6.70.71;Nahony.l3x9bx004
10.6.70.75;marioneigert.l3x9bx027
10.6.70.72;Evgeniy74.l3x9bx133
10.6.70.22;marioneigert.l3x9bx001
10.6.70.1;marioneigert.l3x9bx031
10.6.70.44;marco194702.l3x9bx069
10.6.70.84;marco194702.l3x9bx017
10.6.70.49;marioneigert.l3x9bx006
10.6.70.86;Nahony.l3x9bx005
10.6.70.87;Marco194702.l3x9bx142
10.6.70.141;marco194702.l3x9bx005
10.6.70.139;marioneigert.l3x9bx016
10.6.70.142;buerstleinjeffrey.l3x9bx016
10.6.70.137;marco194702.l3x9bx051
10.6.70.147;marco194702.l3x9bx058
10.6.70.149;Robertomax.l3x9bx018
10.6.70.51;DoerigKU.l3x9bx002
10.6.70.59;Robertomax.l3x9bx009
10.6.71.117;marioneigert.l3x9bx022
10.6.70.57;
10.6.70.134;buerstleinjeffrey.l3x9bx007
10.6.70.153;buerstleinjeffrey.l3x9bx009
10.6.70.154;marioneigert.l3x9bx023
10.6.70.89;Robertomax.l3x9bx001
10.6.70.155;marco194702.l3x9bx004
10.6.70.133;marco194702.l3x9bx078
10.6.70.159;buerstleinjeffrey.l3x9bx004
10.6.70.158;marioneigert.l3x9bx029
10.6.70.163;marioneigert.l3x9bx024
10.6.70.53;Robertomax.l3x9bx011
10.6.70.8;buerstleinjeffrey.l3x9bx003
10.6.70.180;
10.6.70.178;marco194702.l3x9bx037
10.6.70.175;DoerigKU.l3x9bx001
10.6.70.179;Robertomax.l3x9bx010
10.6.62.244;marco194702.l3x8ax001
10.6.70.182;Robertomax.l3x8ax004
10.6.70.177;marioneigert.l3x9bx014
10.6.70.200;Denizerik.l3x9bx015
10.6.71.2;buerstleinjeffrey.l3x9bx017
10.6.71.8;marco194702.l3x9bx157
10.6.71.3;marco194702.l3x9bx025
10.6.71.7;Gcolurciello.l3x8ax021
10.6.71.11;Robertomax.l3x9bx012
10.6.71.15;WernerBTC.L3x9bx001
10.6.70.62;Nahony.l3x9bx007
10.6.71.10;buerstleinjeffrey.l3x9bx001
10.6.71.16;marco194702.l3x9bx164
10.6.71.19;marco194702.l3x9bx043
10.6.71.17;marioneigert.l3x9bx032
10.6.71.18;marioneigert.l3x9bx012
10.6.71.33;Marco194702.l3x9bx084
10.6.71.5;Evgeniy74.l3x9bx150
10.6.71.25;
10.6.71.27;Robertomax.l3x9bx005
10.6.71.26;marioneigert.l3x9bx011
10.6.71.30;SilvioM.L3x8ax107
10.6.71.32;marco194702.l3x9bx162
10.6.71.29;SilvioM.L3x8ax111
10.6.71.35;marioneigert.l3x9bx017
10.6.71.46;
10.6.71.41;marioneigert.l3x9bx028
10.6.71.48;denizerik.l3x9bx051
10.6.70.60;buerstleinjeffrey.l3x9bx011
10.6.61.212;Robertomax.l3x9bx002
10.6.71.37;marioneigert.l3x9bx018
10.6.71.44;marioneigert.l3x9bx034
10.6.71.39;
10.6.71.51;marco194702.l3x9bx061
10.6.71.66;marioneigert.l3x9bx010
10.6.71.54;marco194702.l3x9bx079
10.6.71.81;buerstleinjeffrey.l3x9bx002
10.6.71.55;Nahony.l3x9bx003
10.6.71.56;buerstleinjeffrey.l3x9bx005
10.6.71.61;
10.6.71.121;EmilBarista.l3x9bx046
10.6.71.151;marioneigert.l3x9bx005
10.6.71.72;
10.6.71.63;Robertomax.l3x9bx007
10.6.71.70;Robertomax.l3x9bx003
10.6.70.61;DevFee
10.6.71.114;buerstleinjeffrey.l3x8ax013
10.6.71.69;buerstleinjeffrey.l3x9bx010
10.6.71.75;marioneigert.l3x9bx019
10.6.71.82;SilvioM.L3x8ax108
10.6.71.77;marco194702.l3x9bx068
10.6.61.210;Robertomax.l3x9bx015
10.6.71.80;Robertomax.l3x9bx013
10.6.71.86;marioneigert.l3x9bx013
10.6.71.84;marco194702.l3x9bx072
10.6.71.85;buerstleinjeffrey.l3x9bx015
10.6.71.89;AndyWeiland2000.l3x9bx065
10.6.71.88;marco194702.l3x9bx052
10.6.71.96;marioneigert.l3x9bx025
10.6.71.115;EmilBarista.l3x9bx048
10.6.71.95;nathalieD.l3x9bx003
10.6.71.102;marioneigert.l3x9bx026
10.6.71.108;marco194702.l3x9bx064
10.6.71.110;marco194702.l3x9bx056
10.6.71.109;marioneigert.l3x9bx030
10.6.71.112;marco194702.l3x9bx075
10.6.71.113;marco194702.l3x9bx062
10.6.71.118;marioneigert.l3x9bx004
10.6.71.119;buerstleinjeffrey.l3x9bx014
10.6.71.124;marco194702.l3x9bx077
10.6.71.120;marioneigert.l3x9bx015
10.6.71.123;Robertomax.l3x9bx016
10.6.71.127;SilvioM.l3x8ax004
10.6.71.130;marioneigert.l3x9bx007
10.6.71.131;Marco194702.l3x9bx080
10.6.71.133;Putin763.l3x9bx134
10.6.71.139;marioneigert.l3x8ax036
10.6.71.107;marioneigert.l3x8ax037
10.6.71.4;marioneigert.l3x9bx002
10.6.71.137;Robertomax.l3x9bx014
10.6.71.135;GColurciello.l3x9bx016
10.6.70.25;Bowser.t17x8ax42x003
10.6.70.50;Bowser.t17x8ax42x001
10.6.70.35;IESmedia.t17x8ax42x006
10.6.70.13;IESmedia.t17x8ax42x005
10.6.70.11;Bowser.t17x8ax42x009
10.6.70.52;IESmedia.t17x8ax42x001
10.6.71.201;IESmedia.t17x8ax42x017
10.6.61.107;prj1ruNMC.s17px8ax53x106
10.6.63.43;
10.6.63.33;tridentib.s17px8ax53x070
10.6.67.55;Prj1ru.s19x8ax95x140
10.6.67.58;Prj1ru.s19x8ax95x357
10.6.67.59;Prj1ru.s19px8ax110x009
10.6.67.67;Prj1ru.s19x8ax95x052
10.6.67.71;Prj1ru.s19x8ax95x775
10.6.67.66;Prj1ru.s19x8ax95x096
10.6.67.76;Prj1ru.s19x8ax95x217
10.6.67.75;Prj1ru.s19x8ax95x167
10.6.67.77;Prj1ru.s19x8ax95x781
10.6.67.80;Tridentib.s19x8ax95x013
10.6.67.78;Prj1ru.s19x8ax95x116
10.6.67.79;Prj1ru.s19x8ax95x222
10.6.67.82;Prj1ru.s19x8ax95x038
10.6.67.83;Prj1ru.s19x8ax95x043
10.6.65.104;Prj1ru.s19x8ax95x231
10.6.67.85;Prj1ru.s19px8ax110x015
10.6.67.86;Prj1ru.s19x8ax95x101
10.6.67.53;Tridentib.s19x8ax95x009
10.6.67.87;Prj1ru.s19x8ax95x214
10.6.67.88;Prj1ru.s19x8ax95x176
10.6.67.89;Prj1ru.s19x8ax95x165
10.6.67.91;Prj1ru.s19px8ax110x012
10.6.67.92;Prj1ru.s19x8ax95x120
10.6.67.96;Prj1ru.s19x8ax95x137
10.6.67.98;Prj1ru.s19x8ax95x229
10.6.67.101;Prj1ru.s19x8ax95x168
10.6.67.106;Tridentib.s19x8ax95x003
10.6.75.247;Prj1ru.s19x8ax95x191
10.6.67.103;Prj1ru.s19x8ax95x065
10.6.67.105;Prj1ru.s19x8ax95x209
10.6.67.102;Prj1ru.s19x8ax95x228
10.6.67.111;Prj1ru.s19x8ax95x079
10.6.67.108;Prj1ru.s19x8ax95x001
10.6.67.109;Prj1ru.s19x8ax95x764
10.6.67.113;Prj1ru.s19px8ax110x015
10.6.67.114;Prj1ru.s19x8ax95x236
10.6.67.115;Prj1ru.s19x8ax95x113
10.6.67.110;Tridentib.s19x8ax95x016
10.6.67.121;Tridentib.s19x8ax95x006
10.6.67.119;Prj1ru.s19x8ax95x779
10.6.67.123;Prj1ru.s19x8ax95x141
10.6.67.124;Prj1ru.s19x8ax95x215
10.6.67.126;Prj1ru.s19x8ax95x099
10.6.67.128;Prj1ru.s19x8ax95x143
10.6.67.127;Prj1ru.s19x8ax95x130
10.6.67.131;Prj1ru.s19x8ax95x047
10.6.67.140;Prj1ru.s19x8ax95x790
10.6.67.145;Prj1ru.s19x8ax95x063
10.6.67.144;Prj1ru.s19x8ax95x763
10.6.67.143;Prj1ru.s19x8ax95x148
10.6.67.141;Prj1ru.s19x8ax95x058
10.6.67.146;Prj1ru.s19x8ax95x152
10.6.75.242;Prj1ru.s19x8ax95x069
10.6.67.149;Prj1ru.s19x8ax95x234
10.6.67.150;Prj1ru.s19px8ax110x124
10.6.67.152;Prj1ru.s19x8ax95x213
10.6.67.153;Prj1ru.s19px8ax110x019
10.6.67.158;Prj1ru.s19x8ax95x028
10.6.67.157;Prj1ru.s19x8ax95x239
10.6.67.159;Prj1ru.s19x8ax95x192
10.6.67.164;Tridentib.s19x8ax95x077
10.6.67.165;Prj1ru.s19px8ax110x024
10.6.67.166;Prj1ru.s19x8ax95x035
10.6.67.169;Prj1ru.s19x8ax95x027
10.6.67.170;Prj1ru.s19px8ax110x001
10.6.67.177;Prj1ru.s19x8ax95x015
10.6.67.176;Tridentib.s19x8ax95x074
10.6.67.178;Prj1ru.s19x8ax95x075
10.6.65.125;Prj1ru.s19x8ax95x163
10.6.67.186;Prj1ru.s19x8ax95x061
10.6.67.187;Prj1ru.s19x8ax95x237
10.6.67.185;Prj1ru.s19x8ax95x149
10.6.67.175;Prj1ru.s19x8ax95x050
10.6.67.188;Prj1ru.s19x8ax95x083
10.6.67.184;Prj1ru.s19x8ax95x088
10.6.67.191;Prj1ru.s19x8ax95x173
10.6.67.174;Prj1ru.s19x8ax95x768
10.6.71.200;KazhastanHustlersNMC.m20sx8ax68x008
10.6.61.14;jackfrost.173832
10.6.61.235;jackfrost.173835
10.6.70.232;nikomatic.m20s62r012
10.6.70.242;KazhastanHustlersNMC.M32x8ax52x005
10.6.61.74;RepairNMC.ariadnexs17px50x0709x001
10.6.61.85;TestNMC.S17Px8ax53x001
10.6.71.87;KazhastanHustlersNMC.m20sx8ax68x006
10.6.71.206;KazhastanHustlersNMC.M32x8ax52x005
10.6.71.207;KazhastanHustlersNMC.M32x8ax52x002
10.6.71.208;KazhastanHustlersNMC.M32x8ax52x003
10.6.71.212;KazhastanHustlersNMC.m20sx8a68x005
10.6.71.204;KazhastanHustlersNMC.M32x8ax52x001
10.6.70.14;Marco194702.l3x8ax050
10.6.71.143;KazhastanHustlersNMC.M32x8ax52x004
10.6.71.76;marco194702.l3x9bx163
10.6.71.140;marioneigert.l3x9bx008
10.6.71.97;
10.6.71.142;Robertomax.l3x9bx006
10.6.67.54;Prj1ru.s19x8ax95x029
10.6.67.122;Prj1ru.s19px8ax110x022
10.6.64.184;Norman666.191845
10.6.64.182;Norman666.191846
10.6.64.213;Norman666.191834
10.6.64.186;Norman666.191847
10.6.64.185;Norman666.191848
10.6.64.183;Norman666.191849
10.6.64.181;Norman666.191850
10.6.71.144;SchwiBurgETC.inno8ru
10.6.67.118;Prj1ru.s19x8ax95x785
10.6.63.91;tridentib.s17px8ax53x109
10.6.64.179;Bowser.t17x8ax42x002
10.6.64.156;IESmedia.t17x8ax42x004
10.6.64.174;Marco194702.l3x8ax049
10.6.70.31;Alexlouf.s17x8ax76x001
10.6.71.145;verpack1947.m20sx8ax62x001
10.6.71.146;verpack1947.m20sx8ax62x002
10.6.71.6;verpack1947.m20sx8ax62x003
10.6.62.24;SchwiBurg.l3x8ax001
10.6.71.149;Alexlouf.s17x8ax76x002
10.6.62.53;RepairNMC.ariadnexl3plusx500x1608x002
10.6.63.17;prj1ruNMC.S17px8rbx50x022
10.6.67.81;Prj1ru.s19x09x95x016
10.6.70.167;GColurciello.l3x9bx018
10.6.70.37;Bowser.t17x8ax42x006
10.6.70.38;Bowser.t17x8ax42x007
10.6.70.42;Bowser.t17x8ax42x008
10.6.70.54;IESmedia.t17x8ax42x002
10.6.70.2;Bowser.t17x8ax42x005
10.6.70.32;IESmedia.t17x8ax42x007
10.6.71.91;IESmedia.t17x8ax42x008
10.6.71.47;IESmedia.t17x8ax42x011
10.6.71.45;IESmedia.t17x8ax42x012
10.6.70.39;IESmedia.t17x8ax42x014
10.6.70.58;Marco194702.L3x8ax009
10.6.70.55;IESmedia.t17x8ax42x016
10.6.71.50;IESmedia.t17x8ax42x018
10.6.71.177;IESmedia.t17x8ax42x019
10.6.65.40;cmctech2.CK5x12Tx09x001
10.6.64.162;Vlzats1.m30spx8ax90x004
10.6.64.161;Vlzats1.m30spx8ax90x005
10.6.64.159;Vlzats1.m30spx8ax90x003
10.6.70.249;Marco194702.l3x9bx146
10.6.70.160;marco194702.l3x9bx013
10.6.70.171;Pascale119.l3x9bx012
10.6.70.172;Pascale119.l3x9bx011
10.6.63.131;IESmedia.t17x8ax42x020
10.6.63.134;IESmedia.t17x8ax42x021
10.6.63.136;IESmedia.t17x8ax42x022
10.6.64.157;IESmedia.t17x8ax42x023
10.6.64.158;IESmedia.t17x8ax42x024
10.6.71.13;IESmedia.t17x8ax42x009
10.6.71.24;IESmedia.t17x8ax42x025
10.6.63.137;prj1ruNMC.s17px8ax53x110
10.6.63.92;prj1ruNMC.S17px8ax53x008
10.6.63.21;tridentib.S17px8ax50x022
10.6.61.42;Nahony.a4x9bx009
10.6.61.50;Nahony.a4x9bx010
10.6.70.157;GColurciello.l3x9bx020
10.6.70.6;nathalieD.l3x9bx004
10.6.65.246;nmc.239963
10.6.65.244;nmc.239960
10.6.65.247;nmc.239962
10.6.61.59;abramovitch.z11x9ax420x006
10.6.61.61;abramovitch.z11x9ax420x004
10.6.61.60;abramovitch.z11x9ax420x002
10.6.61.67;abramovitch.z11x9ax420x009
10.6.61.29;antminer_1
10.6.61.63;abramovitch.z11x9ax420x008
10.6.61.72;abramovitch.z11x9ax420x001
10.6.71.58;marco194702.l3x9bx014
10.6.71.73;GColurciello.l3x9bx019
10.6.71.101;nmc.228416
10.6.71.20;Pascale119.l3x9bx010
10.6.71.21;marco194702.l3x9bx151
10.6.71.23;marco194702.l3x9bx012
10.6.71.22;marco194702.l3x9bx003
10.6.71.1;GColurciello.l3x9bx017
10.6.71.71;GColurciello.l3x9bx015
10.6.71.38;marco194702.l3x9bx011
10.6.65.122;Prj1ru.s19px09x110x122
10.6.65.112;Grigorio.m30sx90x004
10.6.61.83;prj1ruNMC.s17px8ax56x059
10.6.61.188;prj1ruNMC.s17px8ax53x119
10.6.61.91;prj1ruNMC.s17px8ax53x195
10.6.61.93;prj1ruNMC.s17px8ax50x210
10.6.61.94;prj1ruNMC.s17px8ax53x191
10.6.61.99;
10.6.61.155;Marco194702.l3x8ax048
10.6.65.60;prj1ruNMC.s17px8ax50x168
10.6.65.62;tridentib.s17px8ax53x163
10.6.65.53;prj1ruNMC.s17px8ax50x231
10.6.65.51;tridentib.s17px8ax56x005
10.6.65.74;prj1ruNMC.s17px8ax50x002
10.6.65.209;prj1ruNMC.s17px8ax50x150
10.6.65.211;prj1ruNMC.s17px8ax53x154
10.6.65.212;prj1ruNMC.s17px8ax50x058
10.6.65.213;prj1ruNMC.s17px8ax50x198
10.6.65.210;prj1ruNMC.s17px8ax56x085
10.6.65.218;prj1ruNMC.s17px8ax53x015
10.6.65.214;Tridentib.s17px8ax56x043
10.6.65.215;tridentib.s17px8ax56x044
10.6.65.105;tridentib.s17px8ax50x048
10.6.65.222;prj1ruNMC.s17px8ax50x238
10.6.65.228;prj1ruNMC.s17px8ax50x116
10.6.65.232;
10.6.65.224;prj1ruNMC.s17px8ax50x159
10.6.65.226;Tridentib.s17px8ax50x154
10.6.65.233;prj1ruNMC.s17px8ax53x040
10.6.65.237;tridentib.s17px8ax53x189
10.6.65.235;prj1ruNMC.s17px8ax53x075
10.6.73.132;tridentib.s17px8ax53x165
10.6.65.230;prj1ruNMC.s17px8ax53x080
10.6.65.242;prj1ruNMC.s17px8ax56x016
10.6.65.241;tridentib.s17px8ax50x241
10.6.65.225;prj1ruNMC.s17px8ax56x056
10.6.65.248;prj1ruNMC.s17px8ax53x150
10.6.65.234;tridentib.s17px8ax50x127
10.6.61.100;prj1ruNMC.s17px8ax53x162
10.6.61.101;prj1ruNMC.s17px8ax50x107
10.6.61.105;Tridentib.s17px8ax50x049
10.6.61.114;prj1ruNMC.s17px8ax53x194
10.6.61.102;prj1ruNMC.s17px8ax53x060
10.6.61.104;tridentib.s17px8ax50x139
10.6.61.106;prj1ruNMC.s17px8ax50x004
10.6.61.146;tridentib.S17px8ax50x031
10.6.61.115;prj1ruNMC.S17px8ax53x082
10.6.61.145;prj1ruNMC.S17px8ax50x187
10.6.61.125;prj1ruNMC.s17px8ax53x155
10.6.61.140;prj1ruNMC.s17px8ax50x130
10.6.61.138;prj1ruNMC.s17px8ax50x230
10.6.61.143;prj1ruNMC.s17px8ax50x060
10.6.61.144;tridentib.s17px8ax50x034
10.6.61.200;prj1ruNMC.S17px8ax50x011
10.6.61.150;tridentib.s17px8ax50x222
10.6.61.148;prj1ruNMC.s17px8ax53x067
10.6.63.145;
10.6.63.138;prj1ruNMC.s17px8ax50x029
10.6.63.148;tridentib.s17px8ax56x014
10.6.63.150;prj1ruNMC.s17px8ax56x002
10.6.63.141;prj1ruNMC.s17px8ax50x041
10.6.63.170;prj1ruNMC.s17px8ax50x122
10.6.63.195;prj1ruNMC.s17px8ax53x183
10.6.63.202;prj1ruNMC.s17px8ax50x079
10.6.63.206;prj1ruNMC.s17px8ax50x091
10.6.63.217;prj1ruNMC.s17px8ax56x018
10.6.63.218;Tridentib.s17px8ax50x158
10.6.63.220;
10.6.63.219;
10.6.64.154;
10.6.64.150;tridentib.s17px8ax50x023
10.6.64.141;prj1ruNMC.s17px8ax53x057
10.6.64.136;prj1ruNMC.s17px8ax53x062
10.6.64.152;tridentib.s17px8ax50x226
10.6.64.149;prj1ruNMC.s17px8ax53x172
10.6.64.147;tridentib.s17px8ax53x160
10.6.64.66;prj1ruNMC.s17px8ax53x197
10.6.64.140;prj1ruNMC.s17px8ax53x091
10.6.64.134;
10.6.64.146;prj1ruNMC.s17px8ax53x188
10.6.64.133;prj1ruNMC.s17px8ax53x004
10.6.64.144;tridentib.s17px8ax53x046
10.6.64.131;Tridentib.s17px8ax53x110
10.6.64.142;tridentib.s17px8ax56x020
10.6.64.139;prj1ruNMC.s17px8ax50x102
10.6.64.148;prj1ruNMC.s17px8ax56x026
10.6.64.132;tridentib.s17px8ax56x032
10.6.61.128;prj1ruNMC.s17px8ax53x147
10.6.61.141;prj1ruNMC.s17px8ax53x087
10.6.64.126;AlexanderS.U6r001
10.6.64.128;EduardS.U6r002
10.6.64.129;GeorgS.U6r003
10.6.61.182;berryy77.Z15ex8ax200x001
10.6.61.181;sale89.Z15ex8ax200x001
10.6.67.41;leevlijter.s19jpx8ax104x02
10.6.67.42;leevlijter.s19jpx8ax104x01
10.6.67.36;bbgs-ru.s19jpx8ax96x023
10.6.62.187;SilvioM.L3x8ax080
10.6.62.160;SilvioM.L3x8ax059
10.6.67.38;bbgs-ru.s19jpx8ax96x008
10.6.71.205;KazhastanHustlersNMC.m20sx8ax68x003
10.6.71.57;Marco194702.m20sx8ax62x004
10.6.75.215;feelrus.s19x8ax95x294
10.6.75.222;feelrus.s19x8ax95x239
10.6.61.24;abramovitch.z11x9ax420x005
10.6.61.192;Bowser.T17x8ax42x010
10.6.70.28;Bowser.T17x9cx42x004
10.6.61.179;prj1ruNMC.s17px8ax53x159
10.6.61.159;prj1ruNMC.s17px8ax53x039
10.6.61.160;tridentib.s17px8ax50x035
10.6.61.32;prj1ruNMC.s17px8ax56x030
10.6.61.165;prj1ruNMC.s17px8ax53x077
10.6.61.164;tridentib.s17px8ax56x034
10.6.61.161;
10.6.61.168;prj1ruNMC.s17px8ax50x021
10.6.61.163;prj1ruNMC.s17px8ax50x030
10.6.61.166;prj1ruNMC.s17px8ax53x072
10.6.61.170;tridentib.s17px8ax50x004
10.6.61.169;prj1ruNMC.s17px8ax53x113
10.6.61.175;tridentib.s17px8ax53x148
10.6.61.189;prj1ruNMC.s17px8ax53x190
10.6.61.176;prj1ruNMC.s17px8ax56x009
10.6.61.173;tridentib.s17px8ax50x071
10.6.61.178;Tridentib.s17px8ax50x109
10.6.61.180;prj1ruNMC.s17px8ax56x073
10.6.61.183;tridentib.s17px8ax53x025
10.6.63.66;tridentib.s17px8ax50x112
10.6.63.71;prj1ruNMC.s17px8ax50x074
10.6.63.74;prj1ruNMC.s17px8ax50x105
10.6.63.94;prj1ruNMC.s17px8ax50x233
10.6.63.96;prj1ruNMC.s17px8ax53x038
10.6.63.102;prj1ruNMC.s17px8ax50x039
10.6.63.101;prj1ruNMC.s17px8ax50x106
10.6.63.100;prj1ruNMC.s17px8ax50x044
10.6.63.98;tridentib.s17px8ax53x176
10.6.63.99;
10.6.64.123;tridentib.s17px8ax50x196
10.6.61.190;
10.6.75.196;feelrus.s19x8ax95x286
10.6.75.188;Tridentib.s19px8ax95x078
10.6.75.205;Prj1ru.s19x09x95x649
10.6.75.212;Prj1ru.s19x8ax95x702
10.6.75.218;Prj1ru.s19x09x95x673
10.6.75.208;Prj1ru.s19px8ax110x031
10.6.75.221;Prj1ru.s19x09x95x739
10.6.75.223;Prj1ru.s19x09x95x700
10.6.75.214;Prj1ru.s19x09x95x682
10.6.75.203;feelrus.s19x8ax95x282
10.6.75.173;feelrus.s19x8ax82x067
10.6.75.209;feelrus.s19x8ax90x214
10.6.75.213;feelrus.s19x8ax95x248
10.6.70.29;NewminingCO.A1246x85x033
10.6.61.193;abramovitch.z11x9ax420x003
10.6.64.122;Marco194702.l3x8ax052
10.6.64.121;Marco194702.l3x8ax053
10.6.64.120;Marco194702.l3x8ax055
10.6.64.118;Marco194702.l3x8ax054
10.6.64.119;Marco194702.l3x8ax051
10.6.61.195;Marco194702.l3x8ax057
10.6.61.196;Marco194702.l3x8ax056
10.6.75.200;leevlijter.s19jpx8ax104x04
10.6.75.180;leevlijter.s19jpx8ax104x03
10.6.75.187;feelrus.s19x8ax82x052
10.6.75.207;feelrus.s19x8ax82x008
10.6.75.193;feelrus.s19x8ax90x198
10.6.75.159;feelrus.s19x8ax82x056
10.6.75.220;feelrus.s19x8ax82x019
10.6.62.61;Silh0uett3.L3x8ax027
10.6.62.18;SilvioM.L3x8ax096
10.6.62.20;SilvioM.L3x8ax067
10.6.62.95;SilvioM.L3x8ax056
10.6.62.175;SilvioM.L3x8ax061
10.6.62.163;SilvioM.L3x8ax074
10.6.62.64;Silh0uett3.L3x8ax002
10.6.62.248;SilvioM.L3x8ax054
10.6.75.178;feelrus.s19x8ax86x141
10.6.75.182;feelrus.s19x8ax82x012
10.6.75.195;feelrus.s19x8ax82x037
10.6.75.204;feelrus.s19x8ax82x028
10.6.75.199;feelrus.s19x8ax86x172
10.6.75.198;hoh996.S19x8ax90x003
10.6.75.210;hoh996.S19x8ax90x006
10.6.75.219;hoh996.S19x8ax90x005
10.6.75.194;hoh996.S19x8ax90x008
10.6.75.172;hoh996.S19x8ax90x001
10.6.75.171;hoh996.S19x8ax90x002
10.6.75.174;feelrus.s19x8ax90x212
10.6.65.39;
10.6.75.175;feelrus.s19x8ax95x296
10.6.75.231;hoh996.m30splx8ax104x001
10.6.75.234;hoh996.m30splx8ax104x002
10.6.75.230;hoh996.m30splx8ax104x003
10.6.75.233;hoh996.m30splx8ax104x004
10.6.75.232;hoh996.m30splx8ax104x005
10.6.75.240;hoh996.m30splx8ax104x006
10.6.75.238;hoh996.m30splx8ax104x007
10.6.75.237;hoh996.m30splx8ax104x008
10.6.75.239;hoh996.m30splx8ax104x009
10.6.75.235;
10.6.75.236;Rajat1975.m30splx8ax104x002
10.6.71.68;repairNMC.KixK.L32
10.6.70.30;marioneigert.l3x8ax035
10.6.62.247;Silh0uett3.L3x8ax038
10.6.75.192;feelrus.s19x8ax95x264
10.6.75.190;feelrus.s19x8ax82x060
10.6.75.202;feelrus.s19x8ax90x187
10.6.75.211;feelrus.t19x8ax84x112
10.6.75.191;feelrus.s19x8ax90x202
10.6.75.189;feelrus.s19x8ax82x006
10.6.75.228;feelrus.s19x8ax82x044
10.6.75.206;feelrus.s19x8ax82x038
10.6.75.183;feelrus.s19x8ax82x055
10.6.61.233;jackfrost.173608
10.6.61.232;jackfrost.173842
10.6.75.249;feelrus.s19x8ax90x229
10.6.75.245;Prj1ru.s19x8ax95x057
10.6.75.246;Tridentib.s19x8ax95x002
10.6.75.248;Prj1ru.s19x8ax95x196
10.6.62.50;aea199NMC.aea199x201541
10.6.75.168;Prj1ru.s19x09x95x690
10.6.75.216;feelrus.s19x8ax90x218
10.6.75.184;hoh996.S19x8ax90x004
10.6.75.244;feelrus.s19x8ax95x277
10.6.75.166;feelrus.s19x8ax90x189
10.6.75.241;Rajat1975.m30splx8ax104x001
10.6.75.161;feelrus.s19x8ax82x057
10.6.75.164;feelrus.s19x8ax82x018
10.6.75.163;feelrus.s19x8ax86x136
10.6.75.160;feelrus.t19x8ax90x181
10.6.67.21;
10.6.65.72;feelrus.s19x8ax82x021
10.6.70.3;Marco194702.L3x8ax022
10.6.70.4;marco194702.l3x8ax153
10.6.67.20;feelrus.s19x8ax90x183
10.6.65.79;feelrus.s19x8ax86x173
10.6.62.38;Marco194702.L3x8ax006
10.6.65.129;edakin75.m31sx8ax62x001
10.6.65.86;Grigorio.m20sx8ax68x001
10.6.65.85;Grigorio.m20sx8ax65x001
10.6.65.87;selvav.m20sx8ax68x001
10.6.65.80;Grigorio.A1166px8ax75x001
10.6.65.84;Grigorio.A1166px8ax75x002
10.6.65.81;Grigorio.A1166px8ax75x003
10.6.65.89;leevlijter.LT5px8ax2450x01
10.6.65.94;feelrus.s19x8ax90x226
10.6.65.95;feelrus.s19x8ax82x031
10.6.65.97;feelrus.s19x14x86x147
10.6.72.222;tridentib.s17px8ax53x007
10.6.72.217;prj1ruNMC.s17px8ax53x151
10.6.72.152;tridentib.s17px8ax53x027
10.6.72.245;prj1ruNMC.s17px8ax53x173
10.6.72.220;prj1ruNMC.s17px8ax50x212
10.6.72.241;prj1ruNMC.s17px8ax56x049
10.6.72.243;tridentib.s17px8ax53x037
10.6.72.227;prj1ruNMC.s17px8ax56x088
10.6.72.150;prj1ruNMC.s17px8ax53x035
10.6.72.240;prj1ruNMC.s17px8ax53x093
10.6.72.244;prj1ruNMC.s17px8ax56x012
10.6.72.228;tridentib.s17px8ax50x148
10.6.72.239;Tridentib.s17px8ax53x185
10.6.72.249;Tridentib.s17px8ax53x156
10.6.72.226;prj1ruNMC.s17px8ax50x092
10.6.72.236;prj1ruNMC.s17px8ax53x171
10.6.72.248;Tridentib.s17px8ax50x8a5
10.6.72.51;prj1ruNMC.s17px8ax53x118
10.6.72.247;tridentib.s17px8ax50x188
10.6.72.235;prj1ruNMC.s17px8ax50x191
10.6.72.203;prj1ruNMC.s17px8ax50x125
10.6.72.196;Tridentib.s17px8ax50x216
10.6.72.149;prj1ruNMC.s17px8ax53x050
10.6.72.148;prj1ruNMC.s17px8ax53x013
10.6.72.43;Tridentib.s17px8ax53x016
10.6.72.209;prj1ruNMC.s17px8ax50x046
10.6.72.208;tridentib.s17px8ax53x129
10.6.72.216;tridentib.s17px8ax50x186
10.6.72.224;prj1ruNMC.s17px8ax53x061
10.6.72.207;tridentib.s17px8ax56x063
10.6.72.215;prj1ruNMC.s17px8ax53x112
10.6.72.213;prj1ruNMC.s17px8ax50x185
10.6.72.221;prj1ruNMC.s17px8ax56x066
10.6.72.211;prj1ruNMC.s17px8ax50x167
10.6.72.212;prj1ruNMC.s17px8ax53x143
10.6.72.214;tridentib.s17px8ax53x054
10.6.72.191;tridentib.s17px8ax50x007
10.6.72.192;prj1ruNMC.s17px8ax53x017
10.6.72.61;prj1ruNMC.s17px8ax53x001
10.6.72.205;prj1ruNMC.s17px8ax56x048
10.6.72.204;prj1ruNMC.s17px8ax56x008
10.6.72.175;tridentib.s17px8ax53x179
10.6.72.195;prj1ruNMC.s17px8ax50x099
10.6.72.42;prj1ruNMC.s17px8ax53x002
10.6.72.52;prj1ruNMC.s17px8ax56x035
10.6.72.137;prj1ruNMC.s17px8ax53x052
10.6.72.139;tridentib.s17px8ax70x085
10.6.72.142;
10.6.72.141;prj1ruNMC.s17px8ax53x015
10.6.72.50;Tridentib.s17px8ax53x050
10.6.72.176;
10.6.72.178;tridentib.s17px8ax53x146
10.6.72.54;
10.6.72.63;prj1ruNMC.s17px14x53x023
10.6.72.180;prj1ruNMC.s17px8ax50x068
10.6.72.101;tridentib.s17px8ax50x005
10.6.72.53;tridentib.s17px8ax53x026
10.6.72.185;prj1ruNMC.s17px8ax50x192
10.6.72.184;tridentib.s17px8ax50x013
10.6.72.177;tridentib.s17px8ax50x024
10.6.72.202;prj1ruNMC.s17px8ax56x045
10.6.72.56;prj1ruNMC.s17px8ax56x089
10.6.72.197;prj1ruNMC.s17px8ax53x158
10.6.72.64;prj1ruNMC.s17px8ax53x012
10.6.72.168;prj1ruNMC.s17px8ax53x111
10.6.72.167;tridentib.s17px8ax50x115
10.6.72.166;tridentib.s17px8ax53x043
10.6.72.173;prj1ruNMC.s17px8ax53x078
10.6.72.172;
10.6.72.170;prj1ruNMC.s17px8ax50x208
10.6.72.135;tridentib.s17px8ax53x190
10.6.72.134;prj1ruNMC.s17px8ax50x003
10.6.72.130;tridentib.s17px8ax53x010
10.6.72.136;Tridentib.s17px8ax53x019
10.6.72.114;
10.6.72.111;prj1ruNMC.s17px8ax53x060
10.6.72.110;
10.6.72.113;prj1ruNMC.s17px8ax50x001
10.6.72.112;prj1ruNMC.s17px8ax53x054
10.6.72.108;prj1ruNMC.s17px8ax50x053
10.6.72.107;prj1ruNMC.s17px8ax53x034
10.6.72.160;tridentib.s17px8ax56x003
10.6.72.157;prj1ruNMC.s17px8ax50x036
10.6.72.158;tridentib.s17px8ax56x029
10.6.72.106;
10.6.72.161;Tridentib.S17px8ax53x098
10.6.72.159;prj1ruNMC.s17px8ax50x180
10.6.72.104;prj1ruNMC.s17px8ax53x040
10.6.72.128;prj1ruNMC.s17px8ax56x257
10.6.72.116;prj1ruNMC.s17px8ax53x039
10.6.72.125;prj1ruNMC.s17px8ax53x077
10.6.72.120;prj1ruNMC.s17px8ax53x021
10.6.72.126;tridentib.s17px8ax53x020
10.6.72.123;prj1ruNMC.s17px8ax50x039
10.6.72.121;prj1ruNMC.s17px8ax53x017
10.6.72.127;DevFee
10.6.72.122;prj1ruNMC.s17px8ax53x081
10.6.72.119;prj1ruNMC.s17px8ax53x023
10.6.72.100;prj1ruNMC.s17px8ax53x038
10.6.72.68;prj1ruNMC.s17px8ax53x225
10.6.72.67;tridentib.s17px8ax50x242
10.6.72.98;prj1ruNMC.s17px8ax50x004
10.6.72.97;tridentib.s17px8ax56x006
10.6.72.70;prj1ruNMC.s17px8ax53x009
10.6.72.95;tridentib.s17px14x53x029
10.6.72.92;prj1ruNMC.s17px8ax50x003
10.6.72.45;tridentib.s17px8ax50x214
10.6.72.91;DevFee
10.6.72.80;prj1ruNMC.s17px8ax53x041
10.6.72.79;prj1ruNMC.s17px8ax53x032
10.6.72.44;prj1ruNMC.s17px8ax53x011
10.6.72.90;prj1ruNMC.s17px8ax50x228
10.6.72.46;tridentib.s17px8ax56x068
10.6.72.81;prj1ruNMC.s17px8ax53x048
10.6.72.84;tridentib.s17px8ax50x047
10.6.72.82;prj1ruNMC.s17px8ax53x239
10.6.72.85;tridentib.s17px8ax53x030
10.6.73.236;prj1ruNMC.s17px8ax53x182
10.6.73.235;prj1ruNMC.s17px8ax56x084
10.6.73.139;tridentib.s17px8ax50x114
10.6.73.231;prj1ruNMC.s17px8ax50x077
10.6.73.234;tridentib.s17px14x53x038
10.6.73.209;prj1ruNMC.s17px8ax50x225
10.6.73.230;prj1ruNMC.s17px8ax53x059
10.6.73.207;prj1ruNMC.s17px8ax53x153
10.6.73.141;prj1ruNMC.s17px8ax50x100
10.6.73.228;prj1ruNMC.s17px8ax50x108
10.6.73.210;prj1ruNMC.s17px8ax53x049
10.6.73.142;tridentib.s17px8ax53x187
10.6.73.211;tridentib.s17px8ax50x172
10.6.73.227;tridentib.s17px8ax50x111
10.6.73.208;prj1ruNMC.s17px8ax50x140
10.6.73.214;prj1ruNMC.s17px8ax53x070
10.6.73.212;prj1ruNMC.s17px8ax50x195
10.6.73.203;
10.6.73.140;prj1ruNMC.s17px8ax53x138
10.6.73.245;Tridentib.s17px8ax53x139
10.6.73.240;tridentib.s17px8ax50x076
10.6.73.247;prj1ruNMC.s17px8ax53x166
10.6.73.204;
10.6.73.244;prj1ruNMC.s17px8ax53x032
10.6.73.225;prj1ruNMC.s17px8ax53x005
10.6.73.246;prj1ruNMC.s17px8ax50x085
10.6.73.239;prj1ruNMC.s17px8ax56x011
10.6.73.242;prj1ruNMC.s17px8ax50x149
10.6.73.221;tridentib.s17px8ax50x161
10.6.73.218;tridentib.s17px8ax53x073
10.6.73.232;tridentib.s17px8ax53x083
10.6.73.217;prj1ruNMC.S17px8ax50x094
10.6.73.223;prj1ruNMC.s17px8ax56x083
10.6.73.220;tridentib.s17px8ax50x219
10.6.61.44;SilvioM.L3x8ax053
10.6.75.150;YslayerHashMax.s19px8ax100x910
10.6.75.144;YslayerHashMax.s19px8ax100x904
10.6.75.154;YslayerHashMax.s19px8ax100x914
10.6.75.143;YslayerHashMax.s19px8ax100x903
10.6.75.142;YslayerHashMax.s19px8ax100x902
10.6.75.155;YslayerHashMax.s19px8ax100x915
10.6.75.148;YslayerHashMax.s19px8ax100x908
10.6.75.157;YslayerHashMax.s19px8ax100x917
10.6.75.152;YslayerHashMax.s19px8ax100x912
10.6.75.147;YslayerHashMax.s19px8ax100x907
10.6.75.149;YslayerHashMax.s19px8ax100x909
10.6.75.151;YslayerHashMax.s19px8ax100x911
10.6.75.145;YslayerHashMax.s19px8ax100x905
10.6.75.141;YslayerHashMax.s19px8ax100x901
10.6.75.153;YslayerHashMax.s19px8ax100x913
10.6.75.158;YslayerHashMax.s19px8ax100x918
10.6.75.146;YslayerHashMax.s19px8ax100x906
10.6.75.156;YslayerHashMax.s19px8ax100x916
10.6.62.6;Marco194702.L3x8ax003
10.6.73.110;tridentib.s17px14x53x049
10.6.73.111;tridentib.S17px8ax53x178
10.6.73.102;Tridentib.s17px14x53x031
10.6.73.112;tridentib.S17px8ax53x051
10.6.73.113;Tridentib.s17px8ax56x006
10.6.73.105;Tridentib.s17px8ax56x013
10.6.73.104;prj1ruNMC.S17pxKRx53x088
10.6.73.114;tridentib.s17px8ax50x187
10.6.73.115;tridentib.S17px8ax53x034
10.6.73.106;tridentib.S17px8ax50x015
10.6.73.116;tridentib.S17pxKRx50x070
10.6.73.117;tridentib.S17pxKRx50x117
10.6.73.108;tridentib.S17px8ax56x067
10.6.73.109;tridentib.S17px8ax53x164
10.6.73.124;tridentib.s17px8ax56x001
10.6.73.127;tridentib.s17px8ax53x101
10.6.73.135;tridentib.S17px8ax53x125
10.6.73.136;Tridentib.s17px8ax50x073
10.6.73.122;tridentib.S17px8ax53x053
10.6.73.123;prj1ruNMC.s17px14x53x058
10.6.73.133;tridentib.s17px14x53x045
10.6.73.134;tridentib.s17px14x53x037
10.6.73.120;tridentib.S17pxKRx53x074
10.6.73.121;Tridentib.s17px8ax50x137
10.6.73.131;prj1ruNMC.s17px8ax56x9992
10.6.73.119;prj1ruNMC.s17px8ax53x055
10.6.73.118;tridentib.s17px8ax50x215
10.6.73.129;tridentib.s17px14x53x099
10.6.73.128;tridentib.s17px8ax50x090
10.6.61.5;Marco194702.a4x8ax009
10.6.61.1;Marco194702.a4x8ax018
10.6.61.39;marco194702.a4x8ax003
10.6.61.13;Marco194702.a4x8ax016
10.6.61.121;marco194702.a4x8ax012
10.6.61.124;marco194702.a4x8ax004
10.6.61.126;marco194702.a4x8ax019
10.6.61.2;Marco194702.a4x8ax015
10.6.61.3;Marco194702.a4x8ax011
10.6.61.4;marco194702.a4x8ax008
10.6.61.41;Marco194702.a4x8ax002
10.6.61.45;Marco194702.a4x8ax005
10.6.61.51;Marco194702.a4x8ax006
10.6.61.58;marco194702.a4x8ax014
10.6.61.122;Marco194702.a4x8ax017
10.6.61.129;
10.6.75.139;Grigorio.M50x8ax112x001
10.6.75.138;Grigorio.M50x8ax112x002
10.6.75.135;
10.6.75.137;Saprsv.m20sx8ax68x001
10.6.75.136;Grigorio.m20sx8ax68x002
10.6.75.134;Saprsv.A1126Px8ax68x001
10.6.67.25;feelrus.s19x8ax90x204
10.6.75.133;feelrus.s19x14x86x175
10.6.75.131;cryptoman2000.k7x8ax58x001
10.6.75.129;russiacon.ka3x8ax166x001
10.6.75.130;maxim-kiz.hs3x8ax9x001
10.6.75.126;cryptoschwurb.ka3x8ax166x013
10.6.75.121;cryptoman2000.ka3x8a166x007
10.6.75.115;maxim-kiz.k7x8ax63x001
10.6.75.127;cryptoschwurb.ka3x8ax166x012
10.6.75.119;cryptoman2000.ka3x8a166x005
10.6.75.117;cryptoman2000.ka3x8a166x003
10.6.75.116;cryptoman2000.ka3x8a166x002
10.6.75.125;cryptoman2000.ka3x8a166x011
10.6.75.112;cryptoschwurb.k7x8ax58x005
10.6.75.124;cryptoman2000.ka3x8a166x010
10.6.75.123;cryptoman2000.ka3x8a166x009
10.6.75.114;cryptoman2000.k7x8ax58x004
10.6.75.140;feelrus.s19x14x82x016
10.6.75.113;cryptoman2000.k7x8ax58x003
10.6.75.122;cryptoman2000.ka3x8a166x008
10.6.75.120;cryptoman2000.ka3x8a166x006
10.6.75.118;cryptoman2000.ka3x8a166x004
10.6.67.18;feelrus.s19x8ax82x062
10.6.67.24;feelrus.s19x8ax90x205
10.6.67.23;RepairNMC.feelrus.s19x8ax82x053
10.6.67.22;feelrus.s19x8ax86x159
10.6.64.177;IESmedia.T17x8ax42x026
10.6.61.123;prj1ruNMC.s17px8ax50x064
10.6.61.158;
10.6.61.96;prj1ruNMC.S17px8ax50x190
10.6.61.142;prj1ruNMC.s17px8ax53x009
10.6.64.143;prj1ruNMC.s17px8ax56x023
10.6.64.145;prj1ruNMC.s17px8ax56x052
10.6.64.137;tridentib.s17px8ax56x065
10.6.63.39;prj1ruNMC.s17px8ax56x012
10.6.63.178;tridentib.s17px8ax53x094
10.6.72.189;
10.6.63.62;Irinarepair.S17plusx8ax70x002
10.6.64.243;Stonewell.S17plusx8ax70x940
10.6.66.18;newminingco.s17plusx8ax70x100
10.6.66.16;newminingco.s17plusx8ax70x126
10.6.66.29;newminingco.s17plusx8ax70x117
10.6.69.102;newminingco.s17plusx8ax70x119
10.6.66.37;newminingco.s17plusx8ax70x006
10.6.69.96;newminingco.s17plusx8ax70x113
10.6.66.4;newminingco.s17plusx8ax70x005
10.6.66.27;newminingco.s17plusx8ax70x037
10.6.66.31;newminingco.s17plusx8ax70x128
10.6.66.32;newminingco.s17plusx8ax70x097
10.6.66.36;newminingco.s17plusx8ax70x069
10.6.66.1;newminingco.s17plusx8ax70x004
10.6.66.26;newminingco.s17plusx8ax70x095
10.6.66.24;newminingco.s17plusx8ax70x121
10.6.66.9;newminingco.s17plusx8ax70x024
10.6.66.33;newminingco.s17plusx8ax70x112
10.6.69.100;newminingco.s17plusx8ax70x096
10.6.66.34;newminingco.s17plusx8ax70x125
10.6.66.6;newminingco.s17plusx8ax70x020
10.6.66.5;newminingco.s17plusx8ax70x122
10.6.66.7;newminingco.s17plusx8ax70x105
10.6.66.8;newminingco.s17plusx8ax70x099
10.6.66.10;newminingco.s17plusx8ax70x107
10.6.66.23;newminingco.s17plusx8ax70x035
10.6.66.11;newminingco.s17plusx8ax70x062
10.6.66.35;newminingco.s17plusx8ax70x068
10.6.69.93;newminingco.s17plusx8ax70x120
10.6.66.13;newminingco.s17plusx8ax70x109
10.6.66.15;newminingco.s17plusx8ax70x103
10.6.66.14;newminingco.s17plusx8ax70x027
10.6.75.110;SilvioM.L7x8ax8800x002
10.6.75.109;SilvioM.L7x8ax8800x003
10.6.75.111;SilvioM.L7x8ax8800x001
10.6.66.39;newminingco.s17plusx8ax70x076
10.6.66.40;newminingco.s17plusx8ax70x044
10.6.66.41;newminingco.s17plusx8ax70x043
10.6.61.26;IESmedia.t17x8ax42x003
10.6.75.97;Nikefreak.S19jpx8ax96x001
10.6.75.96;Nikefreak.S19jpx8ax96x002
10.6.64.69;maxim-kiz.M50x8ax114x001
10.6.64.68;4saneActive.M50x8ax114x001
10.6.61.127;newmininglRK.S17px8ax53x001
10.6.61.64;newmininglRK.S17x8ax70x001
10.6.70.45;KazhastanHustlersNMC.m20sx8ax68x002
10.6.62.57;Marco194702.L3x8ax023
10.6.62.59;Marco194702.L3x8ax010
10.6.62.113;aea199NMC.aea199x201527
10.6.62.135;Marco194702.L3x8ax047
10.6.65.109;prj1ru.s19x8ax95x036
10.6.65.113;prj1ru.s19x09x95x257
10.6.65.116;prj1ru.s19x14x95x402
10.6.65.114;Prj1ru.s19x8ax95x029
10.6.65.117;prj1ru.s19x9dx95x384
10.6.65.119;prj1ru.s19x9dx95x455
10.6.65.120;prj1ru.s19x8ax95x098
10.6.65.127;Prj1ru.s19x8ax95x778
10.6.65.124;prj1ru.s19x8ax95x169
10.6.65.123;prj1ru.s19x09x95x352
10.6.65.130;prj1ru.s19x8ax95x568
10.6.65.131;prj1ru.s19x09x95x315
10.6.65.115;prj1ru.s19x09x95x678
10.6.65.118;prj1ru.s19x09x95x639
10.6.65.121;prj1ru.s19x8ax95x011
10.6.65.126;prj1ru.s19x9dx95x734
10.6.71.122;denizerik.L3x8ax017
10.6.67.161;Prj1ru.s19x8ax95x198
10.6.67.28;hoh996.S19x8ax90x009
10.6.66.42;newminingco.s17plusx8ax70x038
10.6.66.43;newminingco.s17plusx8ax70x039
10.6.66.46;newminingco.s17plusx8ax70x051
10.6.66.44;newminingco.s17plusx8ax70x054
10.6.66.45;newminingco.s17plusx8ax70x047
10.6.69.88;newminingco.s17plusx8ax70x084
10.6.69.89;newminingco.s17plusx8ax70x066
10.6.69.90;newminingco.s17plusx8ax70x057
10.6.69.97;newminingco.s17plusx8ax70x056
10.6.69.99;newminingco.s17plusx8ax70x017
10.6.69.103;newminingco.s17plusx8ax70x104
10.6.69.106;newminingco.s17plusx8ax70x091
10.6.69.107;newminingco.s17plusx8ax70x093
10.6.69.110;newminingco.s17plusx8ax70x079
10.6.69.111;newminingco.s17plusx8ax70x080
10.6.69.112;newminingco.s17plusx8ax70x083
10.6.69.114;newminingco.s17plusx8ax70x086
10.6.69.115;newmininqco.s17plusx8ax70x131
10.6.69.116;newminingco.s17plusx8ax70x087
10.6.69.118;newminingco.s17plusx8ax70x081
10.6.69.124;newminingco.s17plusx8ax70x011
10.6.69.125;newminingco.s17plusx8ax70x001
10.6.69.126;newminingco.s17plusx8ax70x014
10.6.69.113;newminingco.s17plusx8ax70x092
10.6.69.127;newminingco.s17plusx8ax70x012
10.6.69.128;newminingco.s17plusx8ax70x007
10.6.69.129;newminingco.s17plusx8ax70x003
10.6.69.133;newminingco.s17plusx8ax70x016
10.6.69.132;newminingco.s17plusx8ax70x009
10.6.69.134;newmininqco.s17plusx8ax70x130
10.6.69.136;newminingco.s17plusx8ax70x036
10.6.69.139;newminingco.s17plusx8ax70x065
10.6.69.142;newminingco.s17plusx8ax70x015
10.6.69.143;newminingco.s17plusx8ax70x053
10.6.69.145;newminingco.s17plusx8ax70x013
10.6.69.146;newminingco.s17plusx8ax70x052
10.6.69.147;newminingco.s17plusx8ax70x008
10.6.69.149;newminingco.s17plusx8ax70x068
10.6.69.154;newminingco.s17plusx8ax70x070
10.6.69.156;newminingco.s17plusx8ax70x058
10.6.69.155;newminingco.s17plusx8ax70x063
10.6.69.157;newminingco.s17plusx8ax70x051
10.6.69.158;newminingco.s17plusx8ax70x045
10.6.69.159;newmininqco.s17plusx8ax70x129
10.6.69.160;newminingco.s17plusx8ax70x073
10.6.69.161;newminingco.s17plusx8ax70x019
10.6.69.166;newminingco.s17plusx8ax70x041
10.6.69.164;newminingco.s17plusx8ax70x061
10.6.69.168;newminingco.s17plusx8ax70x018
10.6.69.173;newminingco.s17plusx8ax70x002
10.6.69.175;newminingco.s17plusx8ax70x042
10.6.69.172;newminingco.s17plusx8ax70x071
10.6.69.170;newminingco.s17plusx8ax70x032
10.6.69.180;newminingco.s17plusx8ax70x021
10.6.69.181;newminingco.s17plusx8ax70x077
10.6.69.178;newminingco.s17plusx8ax70x031
10.6.69.185;newminingco.s17plusx8ax70x028
10.6.69.184;newminingco.s17plusx8ax70x060
10.6.69.186;newminingco.s17plusx8ax70x059
10.6.69.187;newminingco.s17plusx8ax70x037
10.6.69.188;newminingco.s17plusx8ax70x034
10.6.69.190;newminingco.s17plusx8ax70x062
10.6.69.191;newminingco.s17plusx8ax70x029
10.6.69.193;newminingco.s17plusx8ax70x064
10.6.69.194;newminingco.s17plusx8ax70x030
10.6.69.196;newminingco.s17plusx8ax70x048
10.6.69.195;newminingco.s17plusx8ax70x055
10.6.69.197;newminingco.s17plusx8ax70x033
10.6.69.198;newminingco.s17plusx8ax70x046
10.6.69.199;newminingco.s17plusx8ax70x026
10.6.69.200;newminingco.s17plusx8ax70x025
10.6.69.151;newminingco.s17plusx8ax70x050
10.6.64.67;maxim-kiz.m50x8ax114x002
10.6.69.162;newminingco.s17plusx8ax70x049
10.6.75.87;streleramonis.D9x8ax1770x003
10.6.75.88;streleramonis.D9x8ax1770x001
10.6.75.89;streleramonis.D9x8ax1770x002
10.6.75.90;streleramonis.D9x8ax1770x004
10.6.75.91;streleramonis.D9x8ax1770x005
10.6.75.92;streleramonis.D9x8ax1770x006
10.6.75.93;streleramonis.D9x8ax1770x007
10.6.75.94;streleramonis.D9x8ax1770x009
10.6.75.95;streleramonis.D9x8ax1770x008
10.6.75.98;streleramonis.D9x8ax1770x011
10.6.75.99;streleramonis.D9x8ax1770x010
10.6.75.100;streleramonis.D9x8ax1770x012
10.6.75.102;Marco194702.D9x8ax1770x006
10.6.75.101;streleramonis.D9x8ax1770x013
10.6.75.103;Marco194702.D9x8ax1770x005
10.6.75.105;Marco194702.D9x8ax1770x004
10.6.75.106;Marco194702.D9x8ax1770x003
10.6.75.108;Marco194702.D9x8ax1770x002
10.6.75.107;Marco194702.D9x8ax1770x001
10.6.75.104;Marco194702.D9x8ax1770x007
10.6.69.95;newminingco.s17plusx8ax70x035
10.6.69.135;newminingco.s17plusx8ax70x039
0.0.0.0;
10.6.65.3;prj1ru.s19x8ax95x051
10.6.67.15;Prj1ru.s19x09x95x477
10.6.67.16;Prj1ru.s19x9dx95x535
10.6.67.29;feelrus.s19x14x86x154
10.6.75.85;Grigorio.m50xGrigorio.M50x8ax112x003
10.6.75.86;Grigorio.m50xGrigorio.M50x8ax112x004
10.6.75.84;RepairNMC.feelrus.s19x8ax86x149
10.6.75.83;RepairNMC.feelrus.s19x14x82x026
